{
  "State Unassigned": {
    "districtData": {
      "Unassigned": {
        "notes": "",
        "active": 0,
        "confirmed": 0,
        "deceased": 0,
        "recovered": 0,
        "delta": {
          "confirmed": 0,
          "deceased": 0,
          "recovered": 0
        }
      }
    },
    "statecode": "UN"
  },
  "Himachal Pradesh": {
    "districtData": {
      "Bilaspur": {
        "notes": "",
        "active": 22,
        "confirmed": 73,
        "deceased": 0,
        "recovered": 51,
        "delta": {
          "confirmed": 5,
          "deceased": 0,
          "recovered": 0
        }
      },
      "Chamba": {
        "notes": "One death of COVID-19 positive patient has occured due to non-covid reasons",
        "active": 25,
        "confirmed": 93,
        "deceased": 0,
        "recovered": 68,
        "delta": {
          "confirmed": 0,
          "deceased": 0,
          "recovered": 0
        }
      },
      "Hamirpur": {
        "notes": "",
        "active": 20,
        "confirmed": 299,
        "deceased": 3,
        "recovered": 276,
        "delta": {
          "confirmed": 6,
          "deceased": 0,
          "recovered": 3
        }
      },
      "Kangra": {
        "notes": "Death of Tibetan refugee on March 22 included in Kangra district's tally",
        "active": 93,
        "confirmed": 410,
        "deceased": 4,
        "recovered": 311,
        "delta": {
          "confirmed": 21,
          "deceased": 0,
          "recovered": 6
        }
      },
      "Kinnaur": {
        "notes": "",
        "active": 17,
        "confirmed": 41,
        "deceased": 0,
        "recovered": 24,
        "delta": {
          "confirmed": 0,
          "deceased": 0,
          "recovered": 0
        }
      },
      "Kullu": {
        "notes": "",
        "active": 15,
        "confirmed": 24,
        "deceased": 0,
        "recovered": 9,
        "delta": {
          "confirmed": 0,
          "deceased": 0,
          "recovered": 0
        }
      },
      "Lahaul and Spiti": {
        "notes": "",
        "active": 0,
        "confirmed": 4,
        "deceased": 0,
        "recovered": 4,
        "delta": {
          "confirmed": 0,
          "deceased": 0,
          "recovered": 0
        }
      },
      "Mandi": {
        "notes": "",
        "active": 70,
        "confirmed": 111,
        "deceased": 3,
        "recovered": 38,
        "delta": {
          "confirmed": 10,
          "deceased": 0,
          "recovered": 0
        }
      },
      "Shimla": {
        "notes": "One death of COVID-19 positive patient has occured due to non-covid reasons",
        "active": 86,
        "confirmed": 143,
        "deceased": 2,
        "recovered": 55,
        "delta": {
          "confirmed": 18,
          "deceased": 0,
          "recovered": 0
        }
      },
      "Sirmaur": {
        "notes": "",
        "active": 179,
        "confirmed": 242,
        "deceased": 1,
        "recovered": 55,
        "delta": {
          "confirmed": 16,
          "deceased": 1,
          "recovered": 15
        }
      },
      "Solan": {
        "notes": "",
        "active": 366,
        "confirmed": 548,
        "deceased": 0,
        "recovered": 176,
        "delta": {
          "confirmed": 41,
          "deceased": 0,
          "recovered": 0
        }
      },
      "Una": {
        "notes": "",
        "active": 57,
        "confirmed": 188,
        "deceased": 0,
        "recovered": 131,
        "delta": {
          "confirmed": 10,
          "deceased": 0,
          "recovered": 1
        }
      }
    },
    "statecode": "HP"
  },
  "Madhya Pradesh": {
    "districtData": {
      "Agar Malwa": {
        "notes": "",
        "active": 24,
        "confirmed": 76,
        "deceased": 3,
        "recovered": 49,
        "delta": {
          "confirmed": 2,
          "deceased": 0,
          "recovered": 1
        }
      },
      "Alirajpur": {
        "notes": "",
        "active": 90,
        "confirmed": 116,
        "deceased": 1,
        "recovered": 25,
        "delta": {
          "confirmed": 11,
          "deceased": 0,
          "recovered": 7
        }
      },
      "Anuppur": {
        "notes": "",
        "active": 34,
        "confirmed": 69,
        "deceased": 0,
        "recovered": 35,
        "delta": {
          "confirmed": 0,
          "deceased": 0,
          "recovered": 0
        }
      },
      "Ashoknagar": {
        "notes": "",
        "active": 13,
        "confirmed": 80,
        "deceased": 1,
        "recovered": 66,
        "delta": {
          "confirmed": 0,
          "deceased": 0,
          "recovered": 6
        }
      },
      "Balaghat": {
        "notes": "",
        "active": 42,
        "confirmed": 99,
        "deceased": 0,
        "recovered": 57,
        "delta": {
          "confirmed": 0,
          "deceased": 0,
          "recovered": 2
        }
      },
      "Barwani": {
        "notes": "",
        "active": 141,
        "confirmed": 374,
        "deceased": 5,
        "recovered": 228,
        "delta": {
          "confirmed": 25,
          "deceased": 0,
          "recovered": 19
        }
      },
      "Betul": {
        "notes": "",
        "active": 57,
        "confirmed": 199,
        "deceased": 3,
        "recovered": 139,
        "delta": {
          "confirmed": 14,
          "deceased": 1,
          "recovered": 5
        }
      },
      "Bhind": {
        "notes": "",
        "active": 28,
        "confirmed": 428,
        "deceased": 1,
        "recovered": 399,
        "delta": {
          "confirmed": 3,
          "deceased": 0,
          "recovered": 15
        }
      },
      "Bhopal": {
        "notes": "",
        "active": 1675,
        "confirmed": 5314,
        "deceased": 158,
        "recovered": 3481,
        "delta": {
          "confirmed": 205,
          "deceased": 4,
          "recovered": 91
        }
      },
      "Burhanpur": {
        "notes": "",
        "active": 18,
        "confirmed": 459,
        "deceased": 23,
        "recovered": 418,
        "delta": {
          "confirmed": 4,
          "deceased": 0,
          "recovered": 0
        }
      },
      "Chhatarpur": {
        "notes": "",
        "active": 133,
        "confirmed": 253,
        "deceased": 3,
        "recovered": 117,
        "delta": {
          "confirmed": 17,
          "deceased": 0,
          "recovered": 10
        }
      },
      "Chhindwara": {
        "notes": "",
        "active": 28,
        "confirmed": 114,
        "deceased": 2,
        "recovered": 84,
        "delta": {
          "confirmed": 3,
          "deceased": 0,
          "recovered": 9
        }
      },
      "Damoh": {
        "notes": "",
        "active": 53,
        "confirmed": 123,
        "deceased": 1,
        "recovered": 69,
        "delta": {
          "confirmed": 4,
          "deceased": 0,
          "recovered": 0
        }
      },
      "Datia": {
        "notes": "",
        "active": 55,
        "confirmed": 197,
        "deceased": 3,
        "recovered": 139,
        "delta": {
          "confirmed": 20,
          "deceased": 1,
          "recovered": 3
        }
      },
      "Dewas": {
        "notes": "",
        "active": 94,
        "confirmed": 412,
        "deceased": 10,
        "recovered": 308,
        "delta": {
          "confirmed": 3,
          "deceased": 0,
          "recovered": 16
        }
      },
      "Dhar": {
        "notes": "",
        "active": 110,
        "confirmed": 349,
        "deceased": 10,
        "recovered": 229,
        "delta": {
          "confirmed": 5,
          "deceased": 1,
          "recovered": 4
        }
      },
      "Dindori": {
        "notes": "",
        "active": 3,
        "confirmed": 34,
        "deceased": 0,
        "recovered": 31,
        "delta": {
          "confirmed": 0,
          "deceased": 0,
          "recovered": 0
        }
      },
      "Guna": {
        "notes": "",
        "active": 17,
        "confirmed": 62,
        "deceased": 4,
        "recovered": 41,
        "delta": {
          "confirmed": 1,
          "deceased": 0,
          "recovered": 8
        }
      },
      "Gwalior": {
        "notes": "",
        "active": 650,
        "confirmed": 1978,
        "deceased": 10,
        "recovered": 1318,
        "delta": {
          "confirmed": 28,
          "deceased": 0,
          "recovered": 68
        }
      },
      "Harda": {
        "notes": "",
        "active": 61,
        "confirmed": 177,
        "deceased": 6,
        "recovered": 110,
        "delta": {
          "confirmed": 6,
          "deceased": 0,
          "recovered": 5
        }
      },
      "Hoshangabad": {
        "notes": "",
        "active": 87,
        "confirmed": 147,
        "deceased": 5,
        "recovered": 55,
        "delta": {
          "confirmed": 12,
          "deceased": 0,
          "recovered": 0
        }
      },
      "Indore": {
        "notes": "",
        "active": 1894,
        "confirmed": 6858,
        "deceased": 304,
        "recovered": 4660,
        "delta": {
          "confirmed": 149,
          "deceased": 1,
          "recovered": 57
        }
      },
      "Jabalpur": {
        "notes": "",
        "active": 312,
        "confirmed": 1005,
        "deceased": 24,
        "recovered": 669,
        "delta": {
          "confirmed": 33,
          "deceased": 0,
          "recovered": 18
        }
      },
      "Jhabua": {
        "notes": "",
        "active": 61,
        "confirmed": 120,
        "deceased": 3,
        "recovered": 56,
        "delta": {
          "confirmed": 2,
          "deceased": 0,
          "recovered": 0
        }
      },
      "Katni": {
        "notes": "",
        "active": 67,
        "confirmed": 110,
        "deceased": 3,
        "recovered": 40,
        "delta": {
          "confirmed": 31,
          "deceased": 0,
          "recovered": 0
        }
      },
      "Khandwa": {
        "notes": "",
        "active": 71,
        "confirmed": 570,
        "deceased": 19,
        "recovered": 480,
        "delta": {
          "confirmed": 9,
          "deceased": 0,
          "recovered": 15
        }
      },
      "Khargone": {
        "notes": "",
        "active": 126,
        "confirmed": 646,
        "deceased": 17,
        "recovered": 503,
        "delta": {
          "confirmed": 29,
          "deceased": 0,
          "recovered": 66
        }
      },
      "Mandla": {
        "notes": "",
        "active": 14,
        "confirmed": 21,
        "deceased": 1,
        "recovered": 6,
        "delta": {
          "confirmed": 1,
          "deceased": 0,
          "recovered": 0
        }
      },
      "Mandsaur": {
        "notes": "",
        "active": 85,
        "confirmed": 368,
        "deceased": 11,
        "recovered": 272,
        "delta": {
          "confirmed": 17,
          "deceased": 1,
          "recovered": 25
        }
      },
      "Morena": {
        "notes": "",
        "active": 220,
        "confirmed": 1500,
        "deceased": 9,
        "recovered": 1271,
        "delta": {
          "confirmed": 22,
          "deceased": 0,
          "recovered": 67
        }
      },
      "Narsinghpur": {
        "notes": "",
        "active": 88,
        "confirmed": 137,
        "deceased": 1,
        "recovered": 48,
        "delta": {
          "confirmed": 8,
          "deceased": 0,
          "recovered": 3
        }
      },
      "Neemuch": {
        "notes": "",
        "active": 94,
        "confirmed": 608,
        "deceased": 9,
        "recovered": 505,
        "delta": {
          "confirmed": 19,
          "deceased": 0,
          "recovered": 0
        }
      },
      "Niwari": {
        "notes": "",
        "active": 13,
        "confirmed": 32,
        "deceased": 0,
        "recovered": 19,
        "delta": {
          "confirmed": 0,
          "deceased": 0,
          "recovered": 0
        }
      },
      "Other Region": {
        "notes": "",
        "active": 0,
        "confirmed": 0,
        "deceased": 0,
        "recovered": 0,
        "delta": {
          "confirmed": 0,
          "deceased": 0,
          "recovered": 0
        }
      },
      "Panna": {
        "notes": "",
        "active": 15,
        "confirmed": 87,
        "deceased": 0,
        "recovered": 72,
        "delta": {
          "confirmed": 3,
          "deceased": 0,
          "recovered": 2
        }
      },
      "Raisen": {
        "notes": "",
        "active": 155,
        "confirmed": 284,
        "deceased": 7,
        "recovered": 122,
        "delta": {
          "confirmed": 29,
          "deceased": 2,
          "recovered": 3
        }
      },
      "Rajgarh": {
        "notes": "",
        "active": 87,
        "confirmed": 225,
        "deceased": 9,
        "recovered": 129,
        "delta": {
          "confirmed": 6,
          "deceased": 0,
          "recovered": 1
        }
      },
      "Ratlam": {
        "notes": "",
        "active": 77,
        "confirmed": 360,
        "deceased": 7,
        "recovered": 276,
        "delta": {
          "confirmed": 7,
          "deceased": 0,
          "recovered": 6
        }
      },
      "Rewa": {
        "notes": "",
        "active": 102,
        "confirmed": 211,
        "deceased": 1,
        "recovered": 108,
        "delta": {
          "confirmed": 13,
          "deceased": 0,
          "recovered": 0
        }
      },
      "Sagar": {
        "notes": "",
        "active": 110,
        "confirmed": 609,
        "deceased": 32,
        "recovered": 467,
        "delta": {
          "confirmed": 8,
          "deceased": 1,
          "recovered": 8
        }
      },
      "Satna": {
        "notes": "",
        "active": 42,
        "confirmed": 112,
        "deceased": 7,
        "recovered": 63,
        "delta": {
          "confirmed": 6,
          "deceased": 0,
          "recovered": 12
        }
      },
      "Sehore": {
        "notes": "",
        "active": 109,
        "confirmed": 180,
        "deceased": 6,
        "recovered": 65,
        "delta": {
          "confirmed": 29,
          "deceased": 0,
          "recovered": 9
        }
      },
      "Seoni": {
        "notes": "",
        "active": 12,
        "confirmed": 34,
        "deceased": 1,
        "recovered": 21,
        "delta": {
          "confirmed": 2,
          "deceased": 0,
          "recovered": 0
        }
      },
      "Shahdol": {
        "notes": "",
        "active": 21,
        "confirmed": 65,
        "deceased": 0,
        "recovered": 44,
        "delta": {
          "confirmed": 10,
          "deceased": 0,
          "recovered": 0
        }
      },
      "Shajapur": {
        "notes": "",
        "active": 70,
        "confirmed": 273,
        "deceased": 4,
        "recovered": 199,
        "delta": {
          "confirmed": 27,
          "deceased": 0,
          "recovered": 12
        }
      },
      "Sheopur": {
        "notes": "",
        "active": 88,
        "confirmed": 216,
        "deceased": 2,
        "recovered": 126,
        "delta": {
          "confirmed": 4,
          "deceased": 0,
          "recovered": 5
        }
      },
      "Shivpuri": {
        "notes": "",
        "active": 51,
        "confirmed": 266,
        "deceased": 2,
        "recovered": 213,
        "delta": {
          "confirmed": 8,
          "deceased": 0,
          "recovered": 14
        }
      },
      "Sidhi": {
        "notes": "",
        "active": 28,
        "confirmed": 72,
        "deceased": 1,
        "recovered": 43,
        "delta": {
          "confirmed": 7,
          "deceased": 0,
          "recovered": 4
        }
      },
      "Singrauli": {
        "notes": "",
        "active": 49,
        "confirmed": 78,
        "deceased": 1,
        "recovered": 28,
        "delta": {
          "confirmed": 4,
          "deceased": 0,
          "recovered": 2
        }
      },
      "Tikamgarh": {
        "notes": "",
        "active": 73,
        "confirmed": 280,
        "deceased": 7,
        "recovered": 200,
        "delta": {
          "confirmed": 1,
          "deceased": 0,
          "recovered": 16
        }
      },
      "Ujjain": {
        "notes": "",
        "active": 202,
        "confirmed": 1115,
        "deceased": 72,
        "recovered": 841,
        "delta": {
          "confirmed": 23,
          "deceased": 0,
          "recovered": 9
        }
      },
      "Umaria": {
        "notes": "",
        "active": 6,
        "confirmed": 36,
        "deceased": 1,
        "recovered": 29,
        "delta": {
          "confirmed": 0,
          "deceased": 0,
          "recovered": 5
        }
      },
      "Vidisha": {
        "notes": "",
        "active": 102,
        "confirmed": 262,
        "deceased": 1,
        "recovered": 159,
        "delta": {
          "confirmed": 4,
          "deceased": 0,
          "recovered": 16
        }
      }
    },
    "statecode": "MP"
  },
  "Mizoram": {
    "districtData": {
      "Aizawl": {
        "notes": "",
        "active": 132,
        "confirmed": 182,
        "deceased": 0,
        "recovered": 50,
        "delta": {
          "confirmed": 0,
          "deceased": 0,
          "recovered": 0
        }
      },
      "Champhai": {
        "notes": "",
        "active": 3,
        "confirmed": 13,
        "deceased": 0,
        "recovered": 10,
        "delta": {
          "confirmed": 0,
          "deceased": 0,
          "recovered": 0
        }
      },
      "Hnahthial": {
        "notes": "",
        "active": 0,
        "confirmed": 0,
        "deceased": 0,
        "recovered": 0,
        "delta": {
          "confirmed": 0,
          "deceased": 0,
          "recovered": 0
        }
      },
      "Khawzawl": {
        "notes": "",
        "active": 0,
        "confirmed": 3,
        "deceased": 0,
        "recovered": 3,
        "delta": {
          "confirmed": 0,
          "deceased": 0,
          "recovered": 0
        }
      },
      "Kolasib": {
        "notes": "",
        "active": 2,
        "confirmed": 14,
        "deceased": 0,
        "recovered": 12,
        "delta": {
          "confirmed": 0,
          "deceased": 0,
          "recovered": 0
        }
      },
      "Lawngtlai": {
        "notes": "",
        "active": 13,
        "confirmed": 21,
        "deceased": 0,
        "recovered": 8,
        "delta": {
          "confirmed": 0,
          "deceased": 0,
          "recovered": 0
        }
      },
      "Lunglei": {
        "notes": "",
        "active": 20,
        "confirmed": 71,
        "deceased": 0,
        "recovered": 51,
        "delta": {
          "confirmed": 0,
          "deceased": 0,
          "recovered": 0
        }
      },
      "Mamit": {
        "notes": "",
        "active": 1,
        "confirmed": 21,
        "deceased": 0,
        "recovered": 20,
        "delta": {
          "confirmed": 0,
          "deceased": 0,
          "recovered": 0
        }
      },
      "Saiha": {
        "notes": "",
        "active": 3,
        "confirmed": 26,
        "deceased": 0,
        "recovered": 23,
        "delta": {
          "confirmed": 0,
          "deceased": 0,
          "recovered": 0
        }
      },
      "Saitual": {
        "notes": "",
        "active": 0,
        "confirmed": 3,
        "deceased": 0,
        "recovered": 3,
        "delta": {
          "confirmed": 0,
          "deceased": 0,
          "recovered": 0
        }
      },
      "Serchhip": {
        "notes": "",
        "active": 4,
        "confirmed": 7,
        "deceased": 0,
        "recovered": 3,
        "delta": {
          "confirmed": 0,
          "deceased": 0,
          "recovered": 0
        }
      }
    },
    "statecode": "MZ"
  },
  "Odisha": {
    "districtData": {
      "Others": {
        "notes": "",
        "active": 0,
        "confirmed": 0,
        "deceased": 0,
        "recovered": 0,
        "delta": {
          "confirmed": 0,
          "deceased": 0,
          "recovered": 0
        }
      },
      "Angul": {
        "notes": "",
        "active": 77,
        "confirmed": 258,
        "deceased": 2,
        "recovered": 179,
        "delta": {
          "confirmed": 5,
          "deceased": 0,
          "recovered": 0
        }
      },
      "Balangir": {
        "notes": "",
        "active": 57,
        "confirmed": 332,
        "deceased": 0,
        "recovered": 275,
        "delta": {
          "confirmed": 19,
          "deceased": 0,
          "recovered": 4
        }
      },
      "Balasore": {
        "notes": "",
        "active": 188,
        "confirmed": 837,
        "deceased": 4,
        "recovered": 645,
        "delta": {
          "confirmed": 29,
          "deceased": 0,
          "recovered": 6
        }
      },
      "Bargarh": {
        "notes": "",
        "active": 72,
        "confirmed": 352,
        "deceased": 1,
        "recovered": 279,
        "delta": {
          "confirmed": 7,
          "deceased": 0,
          "recovered": 31
        }
      },
      "Bhadrak": {
        "notes": "",
        "active": 143,
        "confirmed": 521,
        "deceased": 5,
        "recovered": 373,
        "delta": {
          "confirmed": 10,
          "deceased": 0,
          "recovered": 23
        }
      },
      "Boudh": {
        "notes": "",
        "active": 66,
        "confirmed": 131,
        "deceased": 0,
        "recovered": 65,
        "delta": {
          "confirmed": 8,
          "deceased": 0,
          "recovered": 2
        }
      },
      "Cuttack": {
        "notes": "",
        "active": 530,
        "confirmed": 1689,
        "deceased": 12,
        "recovered": 1147,
        "delta": {
          "confirmed": 75,
          "deceased": 0,
          "recovered": 26
        }
      },
      "Deogarh": {
        "notes": "",
        "active": 15,
        "confirmed": 81,
        "deceased": 0,
        "recovered": 66,
        "delta": {
          "confirmed": 11,
          "deceased": 0,
          "recovered": 0
        }
      },
      "Dhenkanal": {
        "notes": "",
        "active": 48,
        "confirmed": 167,
        "deceased": 0,
        "recovered": 119,
        "delta": {
          "confirmed": 15,
          "deceased": 0,
          "recovered": 10
        }
      },
      "Gajapati": {
        "notes": "",
        "active": 347,
        "confirmed": 983,
        "deceased": 9,
        "recovered": 627,
        "delta": {
          "confirmed": 74,
          "deceased": 1,
          "recovered": 14
        }
      },
      "Ganjam": {
        "notes": "",
        "active": 2757,
        "confirmed": 8678,
        "deceased": 85,
        "recovered": 5836,
        "delta": {
          "confirmed": 484,
          "deceased": 7,
          "recovered": 432
        }
      },
      "Jagatsinghpur": {
        "notes": "",
        "active": 168,
        "confirmed": 631,
        "deceased": 2,
        "recovered": 461,
        "delta": {
          "confirmed": 11,
          "deceased": 0,
          "recovered": 12
        }
      },
      "Jajpur": {
        "notes": "",
        "active": 152,
        "confirmed": 1096,
        "deceased": 2,
        "recovered": 942,
        "delta": {
          "confirmed": 8,
          "deceased": 0,
          "recovered": 19
        }
      },
      "Jharsuguda": {
        "notes": "",
        "active": 62,
        "confirmed": 279,
        "deceased": 1,
        "recovered": 216,
        "delta": {
          "confirmed": 6,
          "deceased": 0,
          "recovered": 5
        }
      },
      "Kalahandi": {
        "notes": "",
        "active": 40,
        "confirmed": 122,
        "deceased": 0,
        "recovered": 82,
        "delta": {
          "confirmed": 11,
          "deceased": 0,
          "recovered": 0
        }
      },
      "Kandhamal": {
        "notes": "",
        "active": 136,
        "confirmed": 365,
        "deceased": 1,
        "recovered": 228,
        "delta": {
          "confirmed": 12,
          "deceased": 0,
          "recovered": 15
        }
      },
      "Kendrapara": {
        "notes": "",
        "active": 73,
        "confirmed": 418,
        "deceased": 3,
        "recovered": 342,
        "delta": {
          "confirmed": 11,
          "deceased": 0,
          "recovered": 6
        }
      },
      "Kendujhar": {
        "notes": "",
        "active": 199,
        "confirmed": 610,
        "deceased": 1,
        "recovered": 410,
        "delta": {
          "confirmed": 103,
          "deceased": 0,
          "recovered": 26
        }
      },
      "Khordha": {
        "notes": "",
        "active": 1541,
        "confirmed": 3037,
        "deceased": 25,
        "recovered": 1471,
        "delta": {
          "confirmed": 187,
          "deceased": 2,
          "recovered": 28
        }
      },
      "Koraput": {
        "notes": "",
        "active": 284,
        "confirmed": 451,
        "deceased": 0,
        "recovered": 167,
        "delta": {
          "confirmed": 7,
          "deceased": 0,
          "recovered": 5
        }
      },
      "Malkangiri": {
        "notes": "",
        "active": 149,
        "confirmed": 396,
        "deceased": 0,
        "recovered": 247,
        "delta": {
          "confirmed": 15,
          "deceased": 0,
          "recovered": 6
        }
      },
      "Mayurbhanj": {
        "notes": "",
        "active": 131,
        "confirmed": 553,
        "deceased": 2,
        "recovered": 420,
        "delta": {
          "confirmed": 22,
          "deceased": 0,
          "recovered": 22
        }
      },
      "Nabarangapur": {
        "notes": "",
        "active": 53,
        "confirmed": 204,
        "deceased": 1,
        "recovered": 150,
        "delta": {
          "confirmed": 21,
          "deceased": 0,
          "recovered": 0
        }
      },
      "Nayagarh": {
        "notes": "",
        "active": 185,
        "confirmed": 488,
        "deceased": 2,
        "recovered": 301,
        "delta": {
          "confirmed": 30,
          "deceased": 0,
          "recovered": 7
        }
      },
      "Nuapada": {
        "notes": "",
        "active": 10,
        "confirmed": 110,
        "deceased": 0,
        "recovered": 100,
        "delta": {
          "confirmed": 4,
          "deceased": 0,
          "recovered": 0
        }
      },
      "Puri": {
        "notes": "",
        "active": 320,
        "confirmed": 677,
        "deceased": 4,
        "recovered": 353,
        "delta": {
          "confirmed": 91,
          "deceased": 0,
          "recovered": 3
        }
      },
      "Rayagada": {
        "notes": "",
        "active": 191,
        "confirmed": 532,
        "deceased": 4,
        "recovered": 337,
        "delta": {
          "confirmed": 45,
          "deceased": 0,
          "recovered": 137
        }
      },
      "Sambalpur": {
        "notes": "",
        "active": 115,
        "confirmed": 264,
        "deceased": 0,
        "recovered": 149,
        "delta": {
          "confirmed": 17,
          "deceased": 0,
          "recovered": 14
        }
      },
      "Subarnapur": {
        "notes": "",
        "active": 19,
        "confirmed": 74,
        "deceased": 0,
        "recovered": 55,
        "delta": {
          "confirmed": 5,
          "deceased": 0,
          "recovered": 1
        }
      },
      "Sundargarh": {
        "notes": "",
        "active": 294,
        "confirmed": 1053,
        "deceased": 8,
        "recovered": 751,
        "delta": {
          "confirmed": 33,
          "deceased": 1,
          "recovered": 10
        }
      }
    },
    "statecode": "OR"
  },
  "Punjab": {
    "districtData": {
      "Amritsar": {
        "notes": "",
        "active": 320,
        "confirmed": 1539,
        "deceased": 68,
        "recovered": 1151,
        "delta": {
          "confirmed": 48,
          "deceased": 2,
          "recovered": 31
        }
      },
      "Barnala": {
        "notes": "",
        "active": 47,
        "confirmed": 126,
        "deceased": 3,
        "recovered": 76,
        "delta": {
          "confirmed": 10,
          "deceased": 0,
          "recovered": 0
        }
      },
      "Bathinda": {
        "notes": "",
        "active": 125,
        "confirmed": 287,
        "deceased": 5,
        "recovered": 157,
        "delta": {
          "confirmed": 27,
          "deceased": 1,
          "recovered": 2
        }
      },
      "Faridkot": {
        "notes": "",
        "active": 76,
        "confirmed": 259,
        "deceased": 0,
        "recovered": 183,
        "delta": {
          "confirmed": 1,
          "deceased": 0,
          "recovered": 29
        }
      },
      "Fatehgarh Sahib": {
        "notes": "",
        "active": 89,
        "confirmed": 286,
        "deceased": 2,
        "recovered": 195,
        "delta": {
          "confirmed": 10,
          "deceased": 0,
          "recovered": 4
        }
      },
      "Fazilka": {
        "notes": "",
        "active": 88,
        "confirmed": 232,
        "deceased": 1,
        "recovered": 143,
        "delta": {
          "confirmed": 24,
          "deceased": 0,
          "recovered": 6
        }
      },
      "Ferozepur": {
        "notes": "",
        "active": 114,
        "confirmed": 296,
        "deceased": 6,
        "recovered": 176,
        "delta": {
          "confirmed": 13,
          "deceased": 0,
          "recovered": 4
        }
      },
      "Gurdaspur": {
        "notes": "",
        "active": 62,
        "confirmed": 378,
        "deceased": 15,
        "recovered": 301,
        "delta": {
          "confirmed": 15,
          "deceased": 2,
          "recovered": 2
        }
      },
      "Hoshiarpur": {
        "notes": "",
        "active": 221,
        "confirmed": 493,
        "deceased": 13,
        "recovered": 259,
        "delta": {
          "confirmed": 42,
          "deceased": 0,
          "recovered": 1
        }
      },
      "Jalandhar": {
        "notes": "",
        "active": 775,
        "confirmed": 2009,
        "deceased": 38,
        "recovered": 1196,
        "delta": {
          "confirmed": 72,
          "deceased": 1,
          "recovered": 0
        }
      },
      "Kapurthala": {
        "notes": "",
        "active": 60,
        "confirmed": 201,
        "deceased": 9,
        "recovered": 132,
        "delta": {
          "confirmed": 7,
          "deceased": 0,
          "recovered": 0
        }
      },
      "Ludhiana": {
        "notes": "",
        "active": 660,
        "confirmed": 2415,
        "deceased": 59,
        "recovered": 1696,
        "delta": {
          "confirmed": 88,
          "deceased": 5,
          "recovered": 182
        }
      },
      "Mansa": {
        "notes": "",
        "active": 40,
        "confirmed": 103,
        "deceased": 0,
        "recovered": 63,
        "delta": {
          "confirmed": 7,
          "deceased": 0,
          "recovered": 0
        }
      },
      "Moga": {
        "notes": "",
        "active": 101,
        "confirmed": 267,
        "deceased": 5,
        "recovered": 161,
        "delta": {
          "confirmed": 2,
          "deceased": 0,
          "recovered": 2
        }
      },
      "Pathankot": {
        "notes": "",
        "active": 49,
        "confirmed": 323,
        "deceased": 11,
        "recovered": 263,
        "delta": {
          "confirmed": 12,
          "deceased": 0,
          "recovered": 7
        }
      },
      "Patiala": {
        "notes": "",
        "active": 622,
        "confirmed": 1377,
        "deceased": 20,
        "recovered": 735,
        "delta": {
          "confirmed": 83,
          "deceased": 0,
          "recovered": 225
        }
      },
      "Rupnagar": {
        "notes": "",
        "active": 34,
        "confirmed": 203,
        "deceased": 4,
        "recovered": 165,
        "delta": {
          "confirmed": 7,
          "deceased": 2,
          "recovered": 0
        }
      },
      "S.A.S. Nagar": {
        "notes": "",
        "active": 234,
        "confirmed": 707,
        "deceased": 14,
        "recovered": 459,
        "delta": {
          "confirmed": 28,
          "deceased": 1,
          "recovered": 11
        }
      },
      "Sangrur": {
        "notes": "",
        "active": 243,
        "confirmed": 941,
        "deceased": 23,
        "recovered": 675,
        "delta": {
          "confirmed": 17,
          "deceased": 0,
          "recovered": 0
        }
      },
      "Shahid Bhagat Singh Nagar": {
        "notes": "",
        "active": 58,
        "confirmed": 295,
        "deceased": 3,
        "recovered": 234,
        "delta": {
          "confirmed": 4,
          "deceased": 1,
          "recovered": 4
        }
      },
      "Sri Muktsar Sahib": {
        "notes": "",
        "active": 34,
        "confirmed": 204,
        "deceased": 1,
        "recovered": 169,
        "delta": {
          "confirmed": 2,
          "deceased": 0,
          "recovered": 2
        }
      },
      "Tarn Taran": {
        "notes": "",
        "active": 50,
        "confirmed": 277,
        "deceased": 6,
        "recovered": 221,
        "delta": {
          "confirmed": 15,
          "deceased": 0,
          "recovered": 1
        }
      }
    },
    "statecode": "PB"
  },
  "Puducherry": {
    "districtData": {
      "Karaikal": {
        "notes": "",
        "active": 36,
        "confirmed": 153,
        "deceased": 2,
        "recovered": 115,
        "delta": {
          "confirmed": 3,
          "deceased": 0,
          "recovered": 9
        }
      },
      "Mahe": {
        "notes": "",
        "active": 2,
        "confirmed": 23,
        "deceased": 0,
        "recovered": 21,
        "delta": {
          "confirmed": 0,
          "deceased": 0,
          "recovered": 0
        }
      },
      "Puducherry": {
        "notes": "30 cases(25 of TN, 1 of AP and 4 other) have been transferred,so have been reduced from the total count.[July 18]4 cases have transferred to TN and have been reduced from recovered cases.",
        "active": 1011,
        "confirmed": 2503,
        "deceased": 36,
        "recovered": 1456,
        "delta": {
          "confirmed": 128,
          "deceased": 2,
          "recovered": 67
        }
      },
      "Yanam": {
        "notes": "2 cases of AP have been transferred,so have been reduced from the total count",
        "active": 53,
        "confirmed": 108,
        "deceased": 2,
        "recovered": 53,
        "delta": {
          "confirmed": 2,
          "deceased": 0,
          "recovered": 8
        }
      }
    },
    "statecode": "PY"
  },
  "Rajasthan": {
    "districtData": {
      "Ajmer": {
        "notes": "",
        "active": 594,
        "confirmed": 1517,
        "deceased": 35,
        "recovered": 888,
        "delta": {
          "confirmed": 36,
          "deceased": 1,
          "recovered": 30
        }
      },
      "Alwar": {
        "notes": "",
        "active": 1668,
        "confirmed": 2914,
        "deceased": 14,
        "recovered": 1232,
        "delta": {
          "confirmed": 150,
          "deceased": 0,
          "recovered": 56
        }
      },
      "Banswara": {
        "notes": "",
        "active": 26,
        "confirmed": 138,
        "deceased": 2,
        "recovered": 110,
        "delta": {
          "confirmed": 0,
          "deceased": 0,
          "recovered": 1
        }
      },
      "Baran": {
        "notes": "",
        "active": 34,
        "confirmed": 113,
        "deceased": 5,
        "recovered": 74,
        "delta": {
          "confirmed": 11,
          "deceased": 1,
          "recovered": 0
        }
      },
      "Barmer": {
        "notes": "",
        "active": 518,
        "confirmed": 1195,
        "deceased": 10,
        "recovered": 667,
        "delta": {
          "confirmed": 28,
          "deceased": 0,
          "recovered": 11
        }
      },
      "Bharatpur": {
        "notes": "",
        "active": 331,
        "confirmed": 2380,
        "deceased": 49,
        "recovered": 2000,
        "delta": {
          "confirmed": 49,
          "deceased": 3,
          "recovered": 20
        }
      },
      "Bhilwara": {
        "notes": "",
        "active": 168,
        "confirmed": 485,
        "deceased": 6,
        "recovered": 311,
        "delta": {
          "confirmed": 0,
          "deceased": 0,
          "recovered": 1
        }
      },
      "Bikaner": {
        "notes": "",
        "active": 707,
        "confirmed": 1778,
        "deceased": 30,
        "recovered": 1041,
        "delta": {
          "confirmed": 82,
          "deceased": 0,
          "recovered": 46
        }
      },
      "BSF Camp": {
        "notes": "",
        "active": 7,
        "confirmed": 59,
        "deceased": 0,
        "recovered": 52,
        "delta": {
          "confirmed": 0,
          "deceased": 0,
          "recovered": 0
        }
      },
      "Bundi": {
        "notes": "",
        "active": 60,
        "confirmed": 91,
        "deceased": 0,
        "recovered": 31,
        "delta": {
          "confirmed": 29,
          "deceased": 0,
          "recovered": 0
        }
      },
      "Chittorgarh": {
        "notes": "",
        "active": 17,
        "confirmed": 233,
        "deceased": 6,
        "recovered": 210,
        "delta": {
          "confirmed": 5,
          "deceased": 0,
          "recovered": 0
        }
      },
      "Churu": {
        "notes": "",
        "active": 139,
        "confirmed": 599,
        "deceased": 2,
        "recovered": 458,
        "delta": {
          "confirmed": 36,
          "deceased": 0,
          "recovered": 0
        }
      },
      "Dausa": {
        "notes": "",
        "active": 31,
        "confirmed": 285,
        "deceased": 4,
        "recovered": 250,
        "delta": {
          "confirmed": 6,
          "deceased": 0,
          "recovered": 19
        }
      },
      "Dholpur": {
        "notes": "",
        "active": 171,
        "confirmed": 1135,
        "deceased": 15,
        "recovered": 949,
        "delta": {
          "confirmed": 37,
          "deceased": 0,
          "recovered": 56
        }
      },
      "Dungarpur": {
        "notes": "",
        "active": 55,
        "confirmed": 565,
        "deceased": 1,
        "recovered": 509,
        "delta": {
          "confirmed": 6,
          "deceased": 0,
          "recovered": 0
        }
      },
      "Evacuees": {
        "notes": "",
        "active": 0,
        "confirmed": 61,
        "deceased": 0,
        "recovered": 61,
        "delta": {
          "confirmed": 0,
          "deceased": 0,
          "recovered": 0
        }
      },
      "Ganganagar": {
        "notes": "",
        "active": 65,
        "confirmed": 144,
        "deceased": 3,
        "recovered": 76,
        "delta": {
          "confirmed": 5,
          "deceased": 0,
          "recovered": 7
        }
      },
      "Hanumangarh": {
        "notes": "",
        "active": 64,
        "confirmed": 190,
        "deceased": 1,
        "recovered": 125,
        "delta": {
          "confirmed": 3,
          "deceased": 0,
          "recovered": 6
        }
      },
      "Italians": {
        "notes": "",
        "active": 0,
        "confirmed": 2,
        "deceased": 0,
        "recovered": 2,
        "delta": {
          "confirmed": 0,
          "deceased": 0,
          "recovered": 0
        }
      },
      "Jaipur": {
        "notes": "",
        "active": 1101,
        "confirmed": 4874,
        "deceased": 182,
        "recovered": 3591,
        "delta": {
          "confirmed": 71,
          "deceased": 3,
          "recovered": 13
        }
      },
      "Jaisalmer": {
        "notes": "",
        "active": 37,
        "confirmed": 164,
        "deceased": 0,
        "recovered": 127,
        "delta": {
          "confirmed": 5,
          "deceased": 0,
          "recovered": 5
        }
      },
      "Jalore": {
        "notes": "",
        "active": 148,
        "confirmed": 1044,
        "deceased": 4,
        "recovered": 892,
        "delta": {
          "confirmed": 11,
          "deceased": 0,
          "recovered": 46
        }
      },
      "Jhalawar": {
        "notes": "",
        "active": 85,
        "confirmed": 491,
        "deceased": 0,
        "recovered": 406,
        "delta": {
          "confirmed": 50,
          "deceased": 0,
          "recovered": 11
        }
      },
      "Jhunjhunu": {
        "notes": "",
        "active": 33,
        "confirmed": 542,
        "deceased": 5,
        "recovered": 504,
        "delta": {
          "confirmed": 14,
          "deceased": 0,
          "recovered": 1
        }
      },
      "Jodhpur": {
        "notes": "",
        "active": 1770,
        "confirmed": 6066,
        "deceased": 79,
        "recovered": 4217,
        "delta": {
          "confirmed": 239,
          "deceased": 0,
          "recovered": 177
        }
      },
      "Karauli": {
        "notes": "",
        "active": 136,
        "confirmed": 301,
        "deceased": 5,
        "recovered": 160,
        "delta": {
          "confirmed": 23,
          "deceased": 0,
          "recovered": 0
        }
      },
      "Kota": {
        "notes": "",
        "active": 429,
        "confirmed": 1331,
        "deceased": 33,
        "recovered": 869,
        "delta": {
          "confirmed": 68,
          "deceased": 0,
          "recovered": 0
        }
      },
      "Nagaur": {
        "notes": "",
        "active": 268,
        "confirmed": 1279,
        "deceased": 23,
        "recovered": 988,
        "delta": {
          "confirmed": 49,
          "deceased": 0,
          "recovered": 20
        }
      },
      "Other State": {
        "notes": "",
        "active": 108,
        "confirmed": 183,
        "deceased": 34,
        "recovered": 41,
        "delta": {
          "confirmed": 1,
          "deceased": 0,
          "recovered": 0
        }
      },
      "Pali": {
        "notes": "",
        "active": 509,
        "confirmed": 2369,
        "deceased": 24,
        "recovered": 1836,
        "delta": {
          "confirmed": 45,
          "deceased": 0,
          "recovered": 34
        }
      },
      "Pratapgarh": {
        "notes": "",
        "active": 17,
        "confirmed": 168,
        "deceased": 2,
        "recovered": 149,
        "delta": {
          "confirmed": 2,
          "deceased": 0,
          "recovered": 5
        }
      },
      "Rajsamand": {
        "notes": "",
        "active": 88,
        "confirmed": 522,
        "deceased": 5,
        "recovered": 429,
        "delta": {
          "confirmed": 7,
          "deceased": 0,
          "recovered": 20
        }
      },
      "Sawai Madhopur": {
        "notes": "",
        "active": 44,
        "confirmed": 182,
        "deceased": 11,
        "recovered": 127,
        "delta": {
          "confirmed": 9,
          "deceased": 1,
          "recovered": 4
        }
      },
      "Sikar": {
        "notes": "",
        "active": 133,
        "confirmed": 865,
        "deceased": 8,
        "recovered": 724,
        "delta": {
          "confirmed": 20,
          "deceased": 0,
          "recovered": 10
        }
      },
      "Sirohi": {
        "notes": "",
        "active": 75,
        "confirmed": 791,
        "deceased": 11,
        "recovered": 705,
        "delta": {
          "confirmed": 0,
          "deceased": 1,
          "recovered": 49
        }
      },
      "Tonk": {
        "notes": "",
        "active": 31,
        "confirmed": 254,
        "deceased": 3,
        "recovered": 220,
        "delta": {
          "confirmed": 2,
          "deceased": 1,
          "recovered": 0
        }
      },
      "Udaipur": {
        "notes": "",
        "active": 185,
        "confirmed": 1120,
        "deceased": 12,
        "recovered": 923,
        "delta": {
          "confirmed": 33,
          "deceased": 0,
          "recovered": 0
        }
      }
    },
    "statecode": "RJ"
  },
  "Sikkim": {
    "districtData": {
      "East Sikkim": {
        "notes": "13 migrated cases have been reduced from active count",
        "active": 271,
        "confirmed": 359,
        "deceased": 1,
        "recovered": 74,
        "delta": {
          "confirmed": 0,
          "deceased": 1,
          "recovered": 0
        }
      },
      "North Sikkim": {
        "notes": "",
        "active": 0,
        "confirmed": 1,
        "deceased": 0,
        "recovered": 1,
        "delta": {
          "confirmed": 0,
          "deceased": 0,
          "recovered": 0
        }
      },
      "South Sikkim": {
        "notes": "",
        "active": 40,
        "confirmed": 91,
        "deceased": 0,
        "recovered": 51,
        "delta": {
          "confirmed": 0,
          "deceased": 0,
          "recovered": 0
        }
      },
      "West Sikkim": {
        "notes": "",
        "active": 28,
        "confirmed": 39,
        "deceased": 0,
        "recovered": 11,
        "delta": {
          "confirmed": 0,
          "deceased": 0,
          "recovered": 0
        }
      },
      "Unknown": {
        "notes": "",
        "active": 58,
        "confirmed": 67,
        "deceased": 0,
        "recovered": 9,
        "delta": {
          "confirmed": 0,
          "deceased": 0,
          "recovered": 0
        }
      }
    },
    "statecode": "SK"
  },
  "Telangana": {
    "districtData": {
      "Foreign Evacuees": {},
      "Other State": {
        "notes": "",
        "active": 250,
        "confirmed": 250,
        "deceased": 0,
        "recovered": 0,
        "delta": {
          "confirmed": 0,
          "deceased": 0,
          "recovered": 0
        }
      },
      "Adilabad": {
        "notes": "",
        "active": 162,
        "confirmed": 177,
        "deceased": 0,
        "recovered": 15,
        "delta": {
          "confirmed": 0,
          "deceased": 0,
          "recovered": 0
        }
      },
      "Bhadradri Kothagudem": {
        "notes": "",
        "active": 152,
        "confirmed": 156,
        "deceased": 0,
        "recovered": 4,
        "delta": {
          "confirmed": 0,
          "deceased": 0,
          "recovered": 0
        }
      },
      "Hyderabad": {
        "notes": "",
        "active": 35642,
        "confirmed": 35970,
        "deceased": 23,
        "recovered": 305,
        "delta": {
          "confirmed": 0,
          "deceased": 0,
          "recovered": 0
        }
      },
      "Jagtial": {
        "notes": "",
        "active": 157,
        "confirmed": 159,
        "deceased": 0,
        "recovered": 2,
        "delta": {
          "confirmed": 0,
          "deceased": 0,
          "recovered": 0
        }
      },
      "Jangaon": {
        "notes": "",
        "active": 217,
        "confirmed": 218,
        "deceased": 0,
        "recovered": 1,
        "delta": {
          "confirmed": 0,
          "deceased": 0,
          "recovered": 0
        }
      },
      "Jayashankar Bhupalapally": {
        "notes": "",
        "active": 177,
        "confirmed": 177,
        "deceased": 0,
        "recovered": 0,
        "delta": {
          "confirmed": 0,
          "deceased": 0,
          "recovered": 0
        }
      },
      "Jogulamba Gadwal": {
        "notes": "",
        "active": 124,
        "confirmed": 150,
        "deceased": 1,
        "recovered": 25,
        "delta": {
          "confirmed": 0,
          "deceased": 0,
          "recovered": 0
        }
      },
      "Kamareddy": {
        "notes": "",
        "active": 440,
        "confirmed": 448,
        "deceased": 0,
        "recovered": 8,
        "delta": {
          "confirmed": 0,
          "deceased": 0,
          "recovered": 0
        }
      },
      "Karimnagar": {
        "notes": "",
        "active": 1038,
        "confirmed": 1054,
        "deceased": 0,
        "recovered": 16,
        "delta": {
          "confirmed": 0,
          "deceased": 0,
          "recovered": 0
        }
      },
      "Khammam": {
        "notes": "",
        "active": 305,
        "confirmed": 308,
        "deceased": 0,
        "recovered": 3,
        "delta": {
          "confirmed": 0,
          "deceased": 0,
          "recovered": 0
        }
      },
      "Komaram Bheem": {
        "notes": "",
        "active": 56,
        "confirmed": 58,
        "deceased": 0,
        "recovered": 2,
        "delta": {
          "confirmed": 0,
          "deceased": 0,
          "recovered": 0
        }
      },
      "Mahabubabad": {
        "notes": "",
        "active": 300,
        "confirmed": 301,
        "deceased": 0,
        "recovered": 1,
        "delta": {
          "confirmed": 0,
          "deceased": 0,
          "recovered": 0
        }
      },
      "Mahabubnagar": {
        "notes": "",
        "active": 450,
        "confirmed": 458,
        "deceased": 0,
        "recovered": 8,
        "delta": {
          "confirmed": 0,
          "deceased": 0,
          "recovered": 0
        }
      },
      "Mancherial": {
        "notes": "",
        "active": 236,
        "confirmed": 237,
        "deceased": 1,
        "recovered": 0,
        "delta": {
          "confirmed": 0,
          "deceased": 0,
          "recovered": 0
        }
      },
      "Medak": {
        "notes": "",
        "active": 443,
        "confirmed": 447,
        "deceased": 0,
        "recovered": 4,
        "delta": {
          "confirmed": 0,
          "deceased": 0,
          "recovered": 0
        }
      },
      "Medchal Malkajgiri": {
        "notes": "",
        "active": 2557,
        "confirmed": 2567,
        "deceased": 1,
        "recovered": 9,
        "delta": {
          "confirmed": 0,
          "deceased": 0,
          "recovered": 0
        }
      },
      "Mulugu": {
        "notes": "",
        "active": 107,
        "confirmed": 109,
        "deceased": 0,
        "recovered": 2,
        "delta": {
          "confirmed": 0,
          "deceased": 0,
          "recovered": 0
        }
      },
      "Nagarkurnool": {
        "notes": "",
        "active": 334,
        "confirmed": 336,
        "deceased": 0,
        "recovered": 2,
        "delta": {
          "confirmed": 0,
          "deceased": 0,
          "recovered": 0
        }
      },
      "Nalgonda": {
        "notes": "",
        "active": 768,
        "confirmed": 780,
        "deceased": 0,
        "recovered": 12,
        "delta": {
          "confirmed": 0,
          "deceased": 0,
          "recovered": 0
        }
      },
      "Narayanpet": {
        "notes": "",
        "active": 54,
        "confirmed": 55,
        "deceased": 1,
        "recovered": 0,
        "delta": {
          "confirmed": 0,
          "deceased": 0,
          "recovered": 0
        }
      },
      "Nirmal": {
        "notes": "",
        "active": 45,
        "confirmed": 58,
        "deceased": 0,
        "recovered": 13,
        "delta": {
          "confirmed": 0,
          "deceased": 0,
          "recovered": 0
        }
      },
      "Nizamabad": {
        "notes": "",
        "active": 497,
        "confirmed": 527,
        "deceased": 0,
        "recovered": 30,
        "delta": {
          "confirmed": 0,
          "deceased": 0,
          "recovered": 0
        }
      },
      "Peddapalli": {
        "notes": "",
        "active": 313,
        "confirmed": 314,
        "deceased": 0,
        "recovered": 1,
        "delta": {
          "confirmed": 0,
          "deceased": 0,
          "recovered": 0
        }
      },
      "Rajanna Sircilla": {
        "notes": "",
        "active": 313,
        "confirmed": 315,
        "deceased": 0,
        "recovered": 2,
        "delta": {
          "confirmed": 0,
          "deceased": 0,
          "recovered": 0
        }
      },
      "Ranga Reddy": {
        "notes": "",
        "active": 4401,
        "confirmed": 4420,
        "deceased": 2,
        "recovered": 17,
        "delta": {
          "confirmed": 0,
          "deceased": 0,
          "recovered": 0
        }
      },
      "Sangareddy": {
        "notes": "",
        "active": 1010,
        "confirmed": 1016,
        "deceased": 0,
        "recovered": 6,
        "delta": {
          "confirmed": 0,
          "deceased": 0,
          "recovered": 0
        }
      },
      "Siddipet": {
        "notes": "",
        "active": 179,
        "confirmed": 180,
        "deceased": 0,
        "recovered": 1,
        "delta": {
          "confirmed": 0,
          "deceased": 0,
          "recovered": 0
        }
      },
      "Suryapet": {
        "notes": "",
        "active": 407,
        "confirmed": 431,
        "deceased": 0,
        "recovered": 24,
        "delta": {
          "confirmed": 0,
          "deceased": 0,
          "recovered": 0
        }
      },
      "Vikarabad": {
        "notes": "",
        "active": 210,
        "confirmed": 226,
        "deceased": 1,
        "recovered": 15,
        "delta": {
          "confirmed": 0,
          "deceased": 0,
          "recovered": 0
        }
      },
      "Wanaparthy": {
        "notes": "",
        "active": 180,
        "confirmed": 180,
        "deceased": 0,
        "recovered": 0,
        "delta": {
          "confirmed": 0,
          "deceased": 0,
          "recovered": 0
        }
      },
      "Warangal Rural": {
        "notes": "",
        "active": 350,
        "confirmed": 350,
        "deceased": 0,
        "recovered": 0,
        "delta": {
          "confirmed": 0,
          "deceased": 0,
          "recovered": 0
        }
      },
      "Warangal Urban": {
        "notes": "",
        "active": 966,
        "confirmed": 989,
        "deceased": 0,
        "recovered": 23,
        "delta": {
          "confirmed": 0,
          "deceased": 0,
          "recovered": 0
        }
      },
      "Yadadri Bhuvanagiri": {
        "notes": "",
        "active": 148,
        "confirmed": 148,
        "deceased": 0,
        "recovered": 0,
        "delta": {
          "confirmed": 0,
          "deceased": 0,
          "recovered": 0
        }
      },
      "Unknown": {
        "notes": "",
        "active": -40757,
        "confirmed": 457,
        "deceased": 433,
        "recovered": 40781,
        "delta": {
          "confirmed": 0,
          "deceased": 0,
          "recovered": 0
        }
      }
    },
    "statecode": "TG"
  },
  "Tamil Nadu": {
    "districtData": {
      "Railway Quarantine": {
        "notes": "",
        "active": 11,
        "confirmed": 425,
        "deceased": 0,
        "recovered": 414,
        "delta": {
          "confirmed": 1,
          "deceased": 0,
          "recovered": 2
        }
      },
      "Airport Quarantine": {
        "notes": "",
        "active": 306,
        "confirmed": 1293,
        "deceased": 1,
        "recovered": 986,
        "delta": {
          "confirmed": 31,
          "deceased": 0,
          "recovered": 12
        }
      },
      "Other State": {
        "notes": "",
        "active": -3,
        "confirmed": 0,
        "deceased": 3,
        "recovered": 0,
        "delta": {
          "confirmed": 0,
          "deceased": 0,
          "recovered": 0
        }
      },
      "Ariyalur": {
        "notes": "",
        "active": 129,
        "confirmed": 827,
        "deceased": 4,
        "recovered": 694,
        "delta": {
          "confirmed": 27,
          "deceased": 0,
          "recovered": 33
        }
      },
      "Chengalpattu": {
        "notes": "",
        "active": 3141,
        "confirmed": 12266,
        "deceased": 227,
        "recovered": 8898,
        "delta": {
          "confirmed": 502,
          "deceased": 5,
          "recovered": 111
        }
      },
      "Chennai": {
        "notes": "[July 22]: 444 backdated deceased entries added to Chennai in TN bulletin.",
        "active": 13747,
        "confirmed": 94695,
        "deceased": 2008,
        "recovered": 78940,
        "delta": {
          "confirmed": 1158,
          "deceased": 22,
          "recovered": 1315
        }
      },
      "Coimbatore": {
        "notes": "",
        "active": 1491,
        "confirmed": 3459,
        "deceased": 39,
        "recovered": 1929,
        "delta": {
          "confirmed": 222,
          "deceased": 1,
          "recovered": 103
        }
      },
      "Cuddalore": {
        "notes": "",
        "active": 799,
        "confirmed": 2415,
        "deceased": 21,
        "recovered": 1595,
        "delta": {
          "confirmed": 165,
          "deceased": 0,
          "recovered": 25
        }
      },
      "Dharmapuri": {
        "notes": "",
        "active": 396,
        "confirmed": 700,
        "deceased": 3,
        "recovered": 301,
        "delta": {
          "confirmed": 130,
          "deceased": 1,
          "recovered": 23
        }
      },
      "Dindigul": {
        "notes": "",
        "active": 600,
        "confirmed": 2318,
        "deceased": 35,
        "recovered": 1683,
        "delta": {
          "confirmed": 203,
          "deceased": 1,
          "recovered": 80
        }
      },
      "Erode": {
        "notes": "",
        "active": 167,
        "confirmed": 618,
        "deceased": 8,
        "recovered": 443,
        "delta": {
          "confirmed": 32,
          "deceased": 0,
          "recovered": 10
        }
      },
      "Kallakurichi": {
        "notes": "",
        "active": 935,
        "confirmed": 3065,
        "deceased": 19,
        "recovered": 2111,
        "delta": {
          "confirmed": 127,
          "deceased": 0,
          "recovered": 69
        }
      },
      "Kancheepuram": {
        "notes": "",
        "active": 2640,
        "confirmed": 7161,
        "deceased": 89,
        "recovered": 4432,
        "delta": {
          "confirmed": 365,
          "deceased": 3,
          "recovered": 159
        }
      },
      "Kanyakumari": {
        "notes": "",
        "active": 1781,
        "confirmed": 3610,
        "deceased": 32,
        "recovered": 1797,
        "delta": {
          "confirmed": 217,
          "deceased": 3,
          "recovered": 77
        }
      },
      "Karur": {
        "notes": "",
        "active": 158,
        "confirmed": 364,
        "deceased": 9,
        "recovered": 197,
        "delta": {
          "confirmed": 12,
          "deceased": 0,
          "recovered": 0
        }
      },
      "Krishnagiri": {
        "notes": "",
        "active": 365,
        "confirmed": 716,
        "deceased": 14,
        "recovered": 337,
        "delta": {
          "confirmed": 52,
          "deceased": 0,
          "recovered": 9
        }
      },
      "Madurai": {
        "notes": "",
        "active": 1952,
        "confirmed": 9805,
        "deceased": 210,
        "recovered": 7643,
        "delta": {
          "confirmed": 210,
          "deceased": 8,
          "recovered": 249
        }
      },
      "Nagapattinam": {
        "notes": "",
        "active": 248,
        "confirmed": 565,
        "deceased": 3,
        "recovered": 314,
        "delta": {
          "confirmed": 32,
          "deceased": 1,
          "recovered": 12
        }
      },
      "Namakkal": {
        "notes": "",
        "active": 271,
        "confirmed": 520,
        "deceased": 5,
        "recovered": 244,
        "delta": {
          "confirmed": 10,
          "deceased": 1,
          "recovered": 10
        }
      },
      "Nilgiris": {
        "notes": "",
        "active": 210,
        "confirmed": 692,
        "deceased": 2,
        "recovered": 480,
        "delta": {
          "confirmed": 31,
          "deceased": 0,
          "recovered": 11
        }
      },
      "Perambalur": {
        "notes": "",
        "active": 102,
        "confirmed": 322,
        "deceased": 3,
        "recovered": 217,
        "delta": {
          "confirmed": 26,
          "deceased": 0,
          "recovered": 8
        }
      },
      "Pudukkottai": {
        "notes": "",
        "active": 665,
        "confirmed": 1617,
        "deceased": 21,
        "recovered": 931,
        "delta": {
          "confirmed": 113,
          "deceased": 1,
          "recovered": 34
        }
      },
      "Ramanathapuram": {
        "notes": "",
        "active": 795,
        "confirmed": 3040,
        "deceased": 57,
        "recovered": 2188,
        "delta": {
          "confirmed": 89,
          "deceased": 2,
          "recovered": 159
        }
      },
      "Ranipet": {
        "notes": "",
        "active": 2002,
        "confirmed": 3834,
        "deceased": 28,
        "recovered": 1804,
        "delta": {
          "confirmed": 367,
          "deceased": 4,
          "recovered": 189
        }
      },
      "Salem": {
        "notes": "",
        "active": 894,
        "confirmed": 3001,
        "deceased": 23,
        "recovered": 2084,
        "delta": {
          "confirmed": 156,
          "deceased": 1,
          "recovered": 39
        }
      },
      "Sivaganga": {
        "notes": "",
        "active": 631,
        "confirmed": 2079,
        "deceased": 33,
        "recovered": 1415,
        "delta": {
          "confirmed": 88,
          "deceased": 0,
          "recovered": 256
        }
      },
      "Tenkasi": {
        "notes": "",
        "active": 801,
        "confirmed": 1682,
        "deceased": 12,
        "recovered": 869,
        "delta": {
          "confirmed": 75,
          "deceased": 2,
          "recovered": 32
        }
      },
      "Thanjavur": {
        "notes": "",
        "active": 963,
        "confirmed": 2045,
        "deceased": 18,
        "recovered": 1064,
        "delta": {
          "confirmed": 153,
          "deceased": 1,
          "recovered": 121
        }
      },
      "Theni": {
        "notes": "",
        "active": 1741,
        "confirmed": 3773,
        "deceased": 48,
        "recovered": 1984,
        "delta": {
          "confirmed": 217,
          "deceased": 2,
          "recovered": 44
        }
      },
      "Thiruvallur": {
        "notes": "",
        "active": 3771,
        "confirmed": 11876,
        "deceased": 208,
        "recovered": 7897,
        "delta": {
          "confirmed": 481,
          "deceased": 9,
          "recovered": 524
        }
      },
      "Thiruvarur": {
        "notes": "",
        "active": 570,
        "confirmed": 1349,
        "deceased": 1,
        "recovered": 778,
        "delta": {
          "confirmed": 93,
          "deceased": 0,
          "recovered": 27
        }
      },
      "Thoothukkudi": {
        "notes": "",
        "active": 2314,
        "confirmed": 5542,
        "deceased": 29,
        "recovered": 3199,
        "delta": {
          "confirmed": 251,
          "deceased": 1,
          "recovered": 302
        }
      },
      "Tiruchirappalli": {
        "notes": "",
        "active": 1201,
        "confirmed": 3420,
        "deceased": 58,
        "recovered": 2161,
        "delta": {
          "confirmed": 131,
          "deceased": 1,
          "recovered": 65
        }
      },
      "Tirunelveli": {
        "notes": "",
        "active": 1401,
        "confirmed": 3773,
        "deceased": 25,
        "recovered": 2347,
        "delta": {
          "confirmed": 178,
          "deceased": 4,
          "recovered": 231
        }
      },
      "Tirupathur": {
        "notes": "",
        "active": 370,
        "confirmed": 907,
        "deceased": 9,
        "recovered": 528,
        "delta": {
          "confirmed": 43,
          "deceased": 1,
          "recovered": 21
        }
      },
      "Tiruppur": {
        "notes": "",
        "active": 314,
        "confirmed": 700,
        "deceased": 6,
        "recovered": 380,
        "delta": {
          "confirmed": 32,
          "deceased": -1,
          "recovered": 25
        }
      },
      "Tiruvannamalai": {
        "notes": "",
        "active": 1165,
        "confirmed": 5109,
        "deceased": 51,
        "recovered": 3893,
        "delta": {
          "confirmed": 176,
          "deceased": 3,
          "recovered": 681
        }
      },
      "Vellore": {
        "notes": "",
        "active": 1171,
        "confirmed": 5050,
        "deceased": 43,
        "recovered": 3836,
        "delta": {
          "confirmed": 196,
          "deceased": 3,
          "recovered": 154
        }
      },
      "Viluppuram": {
        "notes": "",
        "active": 876,
        "confirmed": 3131,
        "deceased": 32,
        "recovered": 2223,
        "delta": {
          "confirmed": 208,
          "deceased": 0,
          "recovered": 123
        }
      },
      "Virudhunagar": {
        "notes": "",
        "active": 2612,
        "confirmed": 5959,
        "deceased": 57,
        "recovered": 3290,
        "delta": {
          "confirmed": 386,
          "deceased": 5,
          "recovered": 126
        }
      }
    },
    "statecode": "TN"
  },
  "Tripura": {
    "districtData": {
      "Dhalai": {
        "notes": "",
        "active": 285,
        "confirmed": 585,
        "deceased": 2,
        "recovered": 297,
        "delta": {
          "confirmed": 0,
          "deceased": 0,
          "recovered": 0
        }
      },
      "Gomati": {
        "notes": "",
        "active": 286,
        "confirmed": 619,
        "deceased": 3,
        "recovered": 329,
        "delta": {
          "confirmed": 0,
          "deceased": 1,
          "recovered": 0
        }
      },
      "Khowai": {
        "notes": "",
        "active": 95,
        "confirmed": 311,
        "deceased": 3,
        "recovered": 213,
        "delta": {
          "confirmed": 0,
          "deceased": 0,
          "recovered": 0
        }
      },
      "North Tripura": {
        "notes": "",
        "active": 188,
        "confirmed": 271,
        "deceased": 1,
        "recovered": 76,
        "delta": {
          "confirmed": 0,
          "deceased": 0,
          "recovered": 0
        }
      },
      "Sipahijala": {
        "notes": "",
        "active": 290,
        "confirmed": 951,
        "deceased": 1,
        "recovered": 660,
        "delta": {
          "confirmed": 0,
          "deceased": 0,
          "recovered": 0
        }
      },
      "South Tripura": {
        "notes": "",
        "active": 95,
        "confirmed": 277,
        "deceased": 1,
        "recovered": 178,
        "delta": {
          "confirmed": 0,
          "deceased": 0,
          "recovered": 0
        }
      },
      "Unokoti": {
        "notes": "",
        "active": 31,
        "confirmed": 117,
        "deceased": 0,
        "recovered": 86,
        "delta": {
          "confirmed": 0,
          "deceased": 0,
          "recovered": 0
        }
      },
      "West Tripura": {
        "notes": "",
        "active": 371,
        "confirmed": 751,
        "deceased": 2,
        "recovered": 371,
        "delta": {
          "confirmed": 0,
          "deceased": 1,
          "recovered": 0
        }
      },
      "Unknown": {
        "notes": "",
        "active": 37,
        "confirmed": 37,
        "deceased": 0,
        "recovered": 0,
        "delta": {
          "confirmed": 0,
          "deceased": 0,
          "recovered": 0
        }
      }
    },
    "statecode": "TR"
  },
  "Uttar Pradesh": {
    "districtData": {
      "Agra": {
        "notes": "",
        "active": 179,
        "confirmed": 1629,
        "deceased": 99,
        "recovered": 1351,
        "delta": {
          "confirmed": 20,
          "deceased": 0,
          "recovered": 31
        }
      },
      "Aligarh": {
        "notes": "",
        "active": 551,
        "confirmed": 1152,
        "deceased": 26,
        "recovered": 575,
        "delta": {
          "confirmed": 44,
          "deceased": 0,
          "recovered": -5
        }
      },
      "Ambedkar Nagar": {
        "notes": "",
        "active": 41,
        "confirmed": 179,
        "deceased": 6,
        "recovered": 132,
        "delta": {
          "confirmed": 7,
          "deceased": 0,
          "recovered": 2
        }
      },
      "Amethi": {
        "notes": "",
        "active": 36,
        "confirmed": 384,
        "deceased": 2,
        "recovered": 346,
        "delta": {
          "confirmed": 3,
          "deceased": 0,
          "recovered": 10
        }
      },
      "Amroha": {
        "notes": "",
        "active": 126,
        "confirmed": 424,
        "deceased": 10,
        "recovered": 288,
        "delta": {
          "confirmed": 60,
          "deceased": 0,
          "recovered": 3
        }
      },
      "Auraiya": {
        "notes": "",
        "active": 131,
        "confirmed": 288,
        "deceased": 2,
        "recovered": 155,
        "delta": {
          "confirmed": 8,
          "deceased": 0,
          "recovered": 1
        }
      },
      "Ayodhya": {
        "notes": "",
        "active": 264,
        "confirmed": 841,
        "deceased": 12,
        "recovered": 565,
        "delta": {
          "confirmed": 91,
          "deceased": 3,
          "recovered": 11
        }
      },
      "Azamgarh": {
        "notes": "",
        "active": 272,
        "confirmed": 651,
        "deceased": 11,
        "recovered": 368,
        "delta": {
          "confirmed": 57,
          "deceased": 0,
          "recovered": 4
        }
      },
      "Baghpat": {
        "notes": "",
        "active": 76,
        "confirmed": 586,
        "deceased": 12,
        "recovered": 498,
        "delta": {
          "confirmed": 9,
          "deceased": 1,
          "recovered": 11
        }
      },
      "Bahraich": {
        "notes": "",
        "active": 112,
        "confirmed": 306,
        "deceased": 4,
        "recovered": 190,
        "delta": {
          "confirmed": 24,
          "deceased": 0,
          "recovered": 14
        }
      },
      "Ballia": {
        "notes": "",
        "active": 713,
        "confirmed": 1390,
        "deceased": 16,
        "recovered": 661,
        "delta": {
          "confirmed": 127,
          "deceased": 6,
          "recovered": 15
        }
      },
      "Balrampur": {
        "notes": "",
        "active": 68,
        "confirmed": 191,
        "deceased": 6,
        "recovered": 117,
        "delta": {
          "confirmed": 5,
          "deceased": 0,
          "recovered": 2
        }
      },
      "Banda": {
        "notes": "",
        "active": 93,
        "confirmed": 244,
        "deceased": 1,
        "recovered": 150,
        "delta": {
          "confirmed": 7,
          "deceased": 0,
          "recovered": 13
        }
      },
      "Barabanki": {
        "notes": "",
        "active": 203,
        "confirmed": 905,
        "deceased": 8,
        "recovered": 694,
        "delta": {
          "confirmed": 34,
          "deceased": 0,
          "recovered": 14
        }
      },
      "Bareilly": {
        "notes": "",
        "active": 880,
        "confirmed": 1388,
        "deceased": 40,
        "recovered": 468,
        "delta": {
          "confirmed": 101,
          "deceased": 3,
          "recovered": 9
        }
      },
      "Basti": {
        "notes": "",
        "active": 271,
        "confirmed": 720,
        "deceased": 20,
        "recovered": 429,
        "delta": {
          "confirmed": 41,
          "deceased": 1,
          "recovered": 10
        }
      },
      "Bhadohi": {
        "notes": "",
        "active": 185,
        "confirmed": 399,
        "deceased": 4,
        "recovered": 210,
        "delta": {
          "confirmed": 24,
          "deceased": 0,
          "recovered": 4
        }
      },
      "Bijnor": {
        "notes": "",
        "active": 147,
        "confirmed": 638,
        "deceased": 8,
        "recovered": 483,
        "delta": {
          "confirmed": 3,
          "deceased": 0,
          "recovered": 12
        }
      },
      "Budaun": {
        "notes": "",
        "active": 87,
        "confirmed": 333,
        "deceased": 3,
        "recovered": 243,
        "delta": {
          "confirmed": 13,
          "deceased": 0,
          "recovered": 10
        }
      },
      "Bulandshahr": {
        "notes": "",
        "active": 231,
        "confirmed": 1204,
        "deceased": 30,
        "recovered": 943,
        "delta": {
          "confirmed": 31,
          "deceased": 1,
          "recovered": 8
        }
      },
      "Chandauli": {
        "notes": "",
        "active": 293,
        "confirmed": 738,
        "deceased": 7,
        "recovered": 438,
        "delta": {
          "confirmed": 57,
          "deceased": 1,
          "recovered": 37
        }
      },
      "Chitrakoot": {
        "notes": "",
        "active": 50,
        "confirmed": 157,
        "deceased": 2,
        "recovered": 105,
        "delta": {
          "confirmed": 6,
          "deceased": 0,
          "recovered": 0
        }
      },
      "Deoria": {
        "notes": "",
        "active": 279,
        "confirmed": 809,
        "deceased": 8,
        "recovered": 522,
        "delta": {
          "confirmed": 50,
          "deceased": 1,
          "recovered": 2
        }
      },
      "Etah": {
        "notes": "",
        "active": 139,
        "confirmed": 273,
        "deceased": 10,
        "recovered": 124,
        "delta": {
          "confirmed": 18,
          "deceased": 0,
          "recovered": 0
        }
      },
      "Etawah": {
        "notes": "",
        "active": 177,
        "confirmed": 599,
        "deceased": 22,
        "recovered": 400,
        "delta": {
          "confirmed": 10,
          "deceased": 0,
          "recovered": 4
        }
      },
      "Farrukhabad": {
        "notes": "",
        "active": 80,
        "confirmed": 393,
        "deceased": 10,
        "recovered": 303,
        "delta": {
          "confirmed": 7,
          "deceased": 0,
          "recovered": 48
        }
      },
      "Fatehpur": {
        "notes": "",
        "active": 126,
        "confirmed": 365,
        "deceased": 7,
        "recovered": 232,
        "delta": {
          "confirmed": 11,
          "deceased": 0,
          "recovered": 0
        }
      },
      "Firozabad": {
        "notes": "",
        "active": 76,
        "confirmed": 665,
        "deceased": 41,
        "recovered": 548,
        "delta": {
          "confirmed": 17,
          "deceased": 0,
          "recovered": 4
        }
      },
      "Gautam Buddha Nagar": {
        "notes": "",
        "active": 773,
        "confirmed": 4748,
        "deceased": 40,
        "recovered": 3935,
        "delta": {
          "confirmed": 111,
          "deceased": 0,
          "recovered": 235
        }
      },
      "Ghaziabad": {
        "notes": "",
        "active": 932,
        "confirmed": 4619,
        "deceased": 64,
        "recovered": 3623,
        "delta": {
          "confirmed": 78,
          "deceased": 0,
          "recovered": 59
        }
      },
      "Ghazipur": {
        "notes": "",
        "active": 274,
        "confirmed": 792,
        "deceased": 9,
        "recovered": 509,
        "delta": {
          "confirmed": 63,
          "deceased": 0,
          "recovered": 17
        }
      },
      "Gonda": {
        "notes": "",
        "active": 154,
        "confirmed": 412,
        "deceased": 11,
        "recovered": 247,
        "delta": {
          "confirmed": 29,
          "deceased": 0,
          "recovered": 12
        }
      },
      "Gorakhpur": {
        "notes": "",
        "active": 781,
        "confirmed": 1564,
        "deceased": 39,
        "recovered": 744,
        "delta": {
          "confirmed": 107,
          "deceased": 3,
          "recovered": 2
        }
      },
      "Hamirpur": {
        "notes": "",
        "active": 65,
        "confirmed": 216,
        "deceased": 6,
        "recovered": 145,
        "delta": {
          "confirmed": 15,
          "deceased": 0,
          "recovered": 4
        }
      },
      "Hapur": {
        "notes": "",
        "active": 107,
        "confirmed": 1076,
        "deceased": 19,
        "recovered": 950,
        "delta": {
          "confirmed": 0,
          "deceased": 0,
          "recovered": 26
        }
      },
      "Hardoi": {
        "notes": "",
        "active": 267,
        "confirmed": 811,
        "deceased": 9,
        "recovered": 535,
        "delta": {
          "confirmed": 27,
          "deceased": 0,
          "recovered": 23
        }
      },
      "Hathras": {
        "notes": "",
        "active": 29,
        "confirmed": 247,
        "deceased": 4,
        "recovered": 214,
        "delta": {
          "confirmed": 1,
          "deceased": 0,
          "recovered": 7
        }
      },
      "Jalaun": {
        "notes": "",
        "active": 38,
        "confirmed": 267,
        "deceased": 9,
        "recovered": 220,
        "delta": {
          "confirmed": 1,
          "deceased": 1,
          "recovered": -1
        }
      },
      "Jaunpur": {
        "notes": "",
        "active": 563,
        "confirmed": 1347,
        "deceased": 15,
        "recovered": 769,
        "delta": {
          "confirmed": 34,
          "deceased": 1,
          "recovered": 16
        }
      },
      "Jhansi": {
        "notes": "",
        "active": 983,
        "confirmed": 1942,
        "deceased": 57,
        "recovered": 902,
        "delta": {
          "confirmed": 83,
          "deceased": 2,
          "recovered": 51
        }
      },
      "Kannauj": {
        "notes": "",
        "active": 185,
        "confirmed": 593,
        "deceased": 5,
        "recovered": 403,
        "delta": {
          "confirmed": 67,
          "deceased": 0,
          "recovered": 19
        }
      },
      "Kanpur Dehat": {
        "notes": "",
        "active": 87,
        "confirmed": 174,
        "deceased": 2,
        "recovered": 85,
        "delta": {
          "confirmed": 21,
          "deceased": 0,
          "recovered": 0
        }
      },
      "Kanpur Nagar": {
        "notes": "",
        "active": 1791,
        "confirmed": 3717,
        "deceased": 172,
        "recovered": 1754,
        "delta": {
          "confirmed": 200,
          "deceased": 8,
          "recovered": 63
        }
      },
      "Kasganj": {
        "notes": "",
        "active": 167,
        "confirmed": 355,
        "deceased": 1,
        "recovered": 187,
        "delta": {
          "confirmed": 12,
          "deceased": 0,
          "recovered": -1
        }
      },
      "Kaushambi": {
        "notes": "",
        "active": 42,
        "confirmed": 303,
        "deceased": 2,
        "recovered": 259,
        "delta": {
          "confirmed": 7,
          "deceased": 0,
          "recovered": 0
        }
      },
      "Kushinagar": {
        "notes": "",
        "active": 209,
        "confirmed": 508,
        "deceased": 7,
        "recovered": 292,
        "delta": {
          "confirmed": 28,
          "deceased": 0,
          "recovered": 11
        }
      },
      "Lakhimpur Kheri": {
        "notes": "",
        "active": 132,
        "confirmed": 316,
        "deceased": 1,
        "recovered": 183,
        "delta": {
          "confirmed": 13,
          "deceased": 0,
          "recovered": 2
        }
      },
      "Lalitpur": {
        "notes": "",
        "active": 223,
        "confirmed": 240,
        "deceased": 4,
        "recovered": 13,
        "delta": {
          "confirmed": 13,
          "deceased": 0,
          "recovered": 0
        }
      },
      "Lucknow": {
        "notes": "",
        "active": 3210,
        "confirmed": 6307,
        "deceased": 74,
        "recovered": 3023,
        "delta": {
          "confirmed": 454,
          "deceased": 1,
          "recovered": 580
        }
      },
      "Maharajganj": {
        "notes": "",
        "active": 182,
        "confirmed": 497,
        "deceased": 6,
        "recovered": 309,
        "delta": {
          "confirmed": 20,
          "deceased": 0,
          "recovered": 12
        }
      },
      "Mahoba": {
        "notes": "",
        "active": 89,
        "confirmed": 222,
        "deceased": 3,
        "recovered": 130,
        "delta": {
          "confirmed": 1,
          "deceased": 0,
          "recovered": 9
        }
      },
      "Mainpuri": {
        "notes": "",
        "active": 192,
        "confirmed": 652,
        "deceased": 12,
        "recovered": 448,
        "delta": {
          "confirmed": 21,
          "deceased": 0,
          "recovered": 11
        }
      },
      "Mathura": {
        "notes": "",
        "active": 219,
        "confirmed": 765,
        "deceased": 28,
        "recovered": 518,
        "delta": {
          "confirmed": 20,
          "deceased": 0,
          "recovered": 23
        }
      },
      "Mau": {
        "notes": "",
        "active": 136,
        "confirmed": 427,
        "deceased": 6,
        "recovered": 285,
        "delta": {
          "confirmed": 24,
          "deceased": 0,
          "recovered": 5
        }
      },
      "Meerut": {
        "notes": "",
        "active": 346,
        "confirmed": 2058,
        "deceased": 105,
        "recovered": 1607,
        "delta": {
          "confirmed": 27,
          "deceased": 1,
          "recovered": 27
        }
      },
      "Mirzapur": {
        "notes": "",
        "active": 129,
        "confirmed": 411,
        "deceased": 10,
        "recovered": 272,
        "delta": {
          "confirmed": 39,
          "deceased": 0,
          "recovered": 4
        }
      },
      "Moradabad": {
        "notes": "",
        "active": 454,
        "confirmed": 1323,
        "deceased": 49,
        "recovered": 820,
        "delta": {
          "confirmed": 103,
          "deceased": 0,
          "recovered": 10
        }
      },
      "Muzaffarnagar": {
        "notes": "",
        "active": 199,
        "confirmed": 681,
        "deceased": 18,
        "recovered": 464,
        "delta": {
          "confirmed": 4,
          "deceased": 0,
          "recovered": 10
        }
      },
      "Pilibhit": {
        "notes": "",
        "active": 234,
        "confirmed": 444,
        "deceased": 2,
        "recovered": 208,
        "delta": {
          "confirmed": 62,
          "deceased": 0,
          "recovered": 13
        }
      },
      "Pratapgarh": {
        "notes": "",
        "active": 88,
        "confirmed": 246,
        "deceased": 10,
        "recovered": 148,
        "delta": {
          "confirmed": 15,
          "deceased": 0,
          "recovered": 4
        }
      },
      "Prayagraj": {
        "notes": "",
        "active": 818,
        "confirmed": 1583,
        "deceased": 47,
        "recovered": 718,
        "delta": {
          "confirmed": 98,
          "deceased": 1,
          "recovered": 46
        }
      },
      "Rae Bareli": {
        "notes": "",
        "active": 288,
        "confirmed": 461,
        "deceased": 6,
        "recovered": 167,
        "delta": {
          "confirmed": 85,
          "deceased": 0,
          "recovered": 0
        }
      },
      "Rampur": {
        "notes": "",
        "active": 205,
        "confirmed": 716,
        "deceased": 14,
        "recovered": 497,
        "delta": {
          "confirmed": 44,
          "deceased": 0,
          "recovered": -1
        }
      },
      "Saharanpur": {
        "notes": "",
        "active": 239,
        "confirmed": 816,
        "deceased": 6,
        "recovered": 571,
        "delta": {
          "confirmed": 47,
          "deceased": 0,
          "recovered": 3
        }
      },
      "Sambhal": {
        "notes": "",
        "active": 170,
        "confirmed": 885,
        "deceased": 17,
        "recovered": 698,
        "delta": {
          "confirmed": 15,
          "deceased": 0,
          "recovered": 23
        }
      },
      "Sant Kabir Nagar": {
        "notes": "",
        "active": 217,
        "confirmed": 724,
        "deceased": 9,
        "recovered": 498,
        "delta": {
          "confirmed": 17,
          "deceased": 0,
          "recovered": 4
        }
      },
      "Shahjahanpur": {
        "notes": "",
        "active": 351,
        "confirmed": 660,
        "deceased": 1,
        "recovered": 308,
        "delta": {
          "confirmed": 76,
          "deceased": 0,
          "recovered": 26
        }
      },
      "Shamli": {
        "notes": "",
        "active": 127,
        "confirmed": 390,
        "deceased": 6,
        "recovered": 257,
        "delta": {
          "confirmed": 17,
          "deceased": 0,
          "recovered": 8
        }
      },
      "Shrawasti": {
        "notes": "",
        "active": 13,
        "confirmed": 107,
        "deceased": 2,
        "recovered": 92,
        "delta": {
          "confirmed": 2,
          "deceased": 0,
          "recovered": 0
        }
      },
      "Siddharthnagar": {
        "notes": "",
        "active": 209,
        "confirmed": 559,
        "deceased": 11,
        "recovered": 339,
        "delta": {
          "confirmed": 16,
          "deceased": 0,
          "recovered": 13
        }
      },
      "Sitapur": {
        "notes": "",
        "active": 156,
        "confirmed": 245,
        "deceased": 1,
        "recovered": 88,
        "delta": {
          "confirmed": 36,
          "deceased": 0,
          "recovered": 3
        }
      },
      "Sonbhadra": {
        "notes": "",
        "active": 194,
        "confirmed": 421,
        "deceased": 0,
        "recovered": 227,
        "delta": {
          "confirmed": 12,
          "deceased": 0,
          "recovered": 15
        }
      },
      "Sultanpur": {
        "notes": "",
        "active": 154,
        "confirmed": 521,
        "deceased": 14,
        "recovered": 353,
        "delta": {
          "confirmed": 7,
          "deceased": 2,
          "recovered": 17
        }
      },
      "Unnao": {
        "notes": "",
        "active": 332,
        "confirmed": 641,
        "deceased": 13,
        "recovered": 296,
        "delta": {
          "confirmed": 43,
          "deceased": 0,
          "recovered": 4
        }
      },
      "Varanasi": {
        "notes": "",
        "active": 1282,
        "confirmed": 2128,
        "deceased": 53,
        "recovered": 793,
        "delta": {
          "confirmed": 146,
          "deceased": 2,
          "recovered": 50
        }
      }
    },
    "statecode": "UP"
  },
  "Uttarakhand": {
    "districtData": {
      "Almora": {
        "notes": "",
        "active": 59,
        "confirmed": 264,
        "deceased": 2,
        "recovered": 202,
        "delta": {
          "confirmed": 0,
          "deceased": 0,
          "recovered": 0
        }
      },
      "Bageshwar": {
        "notes": "",
        "active": 3,
        "confirmed": 98,
        "deceased": 1,
        "recovered": 94,
        "delta": {
          "confirmed": 0,
          "deceased": 0,
          "recovered": 0
        }
      },
      "Chamoli": {
        "notes": "",
        "active": 1,
        "confirmed": 82,
        "deceased": 0,
        "recovered": 81,
        "delta": {
          "confirmed": 0,
          "deceased": 0,
          "recovered": 0
        }
      },
      "Champawat": {
        "notes": "",
        "active": 35,
        "confirmed": 96,
        "deceased": 1,
        "recovered": 60,
        "delta": {
          "confirmed": 0,
          "deceased": 0,
          "recovered": 0
        }
      },
      "Dehradun": {
        "notes": "",
        "active": 437,
        "confirmed": 1391,
        "deceased": 37,
        "recovered": 891,
        "delta": {
          "confirmed": 0,
          "deceased": 0,
          "recovered": 0
        }
      },
      "Haridwar": {
        "notes": "",
        "active": 741,
        "confirmed": 1103,
        "deceased": 1,
        "recovered": 353,
        "delta": {
          "confirmed": 0,
          "deceased": 0,
          "recovered": 0
        }
      },
      "Nainital": {
        "notes": "",
        "active": 376,
        "confirmed": 926,
        "deceased": 8,
        "recovered": 541,
        "delta": {
          "confirmed": 0,
          "deceased": 0,
          "recovered": 0
        }
      },
      "Pauri Garhwal": {
        "notes": "",
        "active": 27,
        "confirmed": 196,
        "deceased": 4,
        "recovered": 164,
        "delta": {
          "confirmed": 0,
          "deceased": 0,
          "recovered": 0
        }
      },
      "Pithoragarh": {
        "notes": "",
        "active": 35,
        "confirmed": 105,
        "deceased": 0,
        "recovered": 70,
        "delta": {
          "confirmed": 0,
          "deceased": 0,
          "recovered": 0
        }
      },
      "Rudraprayag": {
        "notes": "",
        "active": 1,
        "confirmed": 68,
        "deceased": 1,
        "recovered": 66,
        "delta": {
          "confirmed": 0,
          "deceased": 0,
          "recovered": 0
        }
      },
      "Tehri Garhwal": {
        "notes": "",
        "active": 52,
        "confirmed": 496,
        "deceased": 2,
        "recovered": 442,
        "delta": {
          "confirmed": 0,
          "deceased": 0,
          "recovered": 0
        }
      },
      "Udham Singh Nagar": {
        "notes": "",
        "active": 536,
        "confirmed": 974,
        "deceased": 5,
        "recovered": 432,
        "delta": {
          "confirmed": 0,
          "deceased": 0,
          "recovered": 0
        }
      },
      "Uttarkashi": {
        "notes": "",
        "active": 62,
        "confirmed": 162,
        "deceased": 1,
        "recovered": 99,
        "delta": {
          "confirmed": 0,
          "deceased": 0,
          "recovered": 0
        }
      }
    },
    "statecode": "UT"
  },
  "West Bengal": {
    "districtData": {
      "Alipurduar": {
        "notes": "",
        "active": 50,
        "confirmed": 267,
        "deceased": 1,
        "recovered": 216,
        "delta": {
          "confirmed": 23,
          "deceased": 0,
          "recovered": 5
        }
      },
      "Bankura": {
        "notes": "",
        "active": 157,
        "confirmed": 527,
        "deceased": 0,
        "recovered": 370,
        "delta": {
          "confirmed": 39,
          "deceased": 0,
          "recovered": 10
        }
      },
      "Birbhum": {
        "notes": "",
        "active": 103,
        "confirmed": 456,
        "deceased": 4,
        "recovered": 349,
        "delta": {
          "confirmed": 19,
          "deceased": 0,
          "recovered": 0
        }
      },
      "Cooch Behar": {
        "notes": "",
        "active": 150,
        "confirmed": 551,
        "deceased": 1,
        "recovered": 400,
        "delta": {
          "confirmed": 12,
          "deceased": 0,
          "recovered": 6
        }
      },
      "Dakshin Dinajpur": {
        "notes": "",
        "active": 227,
        "confirmed": 999,
        "deceased": 5,
        "recovered": 767,
        "delta": {
          "confirmed": 37,
          "deceased": 0,
          "recovered": 139
        }
      },
      "Darjeeling": {
        "notes": "",
        "active": 564,
        "confirmed": 1805,
        "deceased": 17,
        "recovered": 1224,
        "delta": {
          "confirmed": 123,
          "deceased": 2,
          "recovered": 101
        }
      },
      "Hooghly": {
        "notes": "",
        "active": 952,
        "confirmed": 2877,
        "deceased": 53,
        "recovered": 1872,
        "delta": {
          "confirmed": 127,
          "deceased": 2,
          "recovered": 136
        }
      },
      "Howrah": {
        "notes": "",
        "active": 2011,
        "confirmed": 6753,
        "deceased": 178,
        "recovered": 4564,
        "delta": {
          "confirmed": 291,
          "deceased": 9,
          "recovered": 146
        }
      },
      "Jalpaiguri": {
        "notes": "",
        "active": 397,
        "confirmed": 1140,
        "deceased": 9,
        "recovered": 734,
        "delta": {
          "confirmed": 68,
          "deceased": 0,
          "recovered": 85
        }
      },
      "Jhargram": {
        "notes": "",
        "active": 0,
        "confirmed": 28,
        "deceased": 0,
        "recovered": 28,
        "delta": {
          "confirmed": 0,
          "deceased": 0,
          "recovered": 0
        }
      },
      "Kalimpong": {
        "notes": "",
        "active": 18,
        "confirmed": 82,
        "deceased": 1,
        "recovered": 63,
        "delta": {
          "confirmed": 5,
          "deceased": 0,
          "recovered": 5
        }
      },
      "Kolkata": {
        "notes": "",
        "active": 6166,
        "confirmed": 18201,
        "deceased": 686,
        "recovered": 11349,
        "delta": {
          "confirmed": 648,
          "deceased": 17,
          "recovered": 513
        }
      },
      "Malda": {
        "notes": "",
        "active": 370,
        "confirmed": 2053,
        "deceased": 9,
        "recovered": 1674,
        "delta": {
          "confirmed": 36,
          "deceased": 0,
          "recovered": 86
        }
      },
      "Murshidabad": {
        "notes": "",
        "active": 183,
        "confirmed": 645,
        "deceased": 7,
        "recovered": 455,
        "delta": {
          "confirmed": 27,
          "deceased": 0,
          "recovered": 34
        }
      },
      "Nadia": {
        "notes": "",
        "active": 271,
        "confirmed": 808,
        "deceased": 9,
        "recovered": 528,
        "delta": {
          "confirmed": 64,
          "deceased": 0,
          "recovered": 10
        }
      },
      "North 24 Parganas": {
        "notes": "",
        "active": 4702,
        "confirmed": 12408,
        "deceased": 274,
        "recovered": 7432,
        "delta": {
          "confirmed": 542,
          "deceased": 5,
          "recovered": 530
        }
      },
      "Other State": {
        "notes": "",
        "active": 0,
        "confirmed": 66,
        "deceased": 3,
        "recovered": 63,
        "delta": {
          "confirmed": 0,
          "deceased": 0,
          "recovered": 0
        }
      },
      "Paschim Bardhaman": {
        "notes": "",
        "active": 332,
        "confirmed": 645,
        "deceased": 8,
        "recovered": 305,
        "delta": {
          "confirmed": 16,
          "deceased": 0,
          "recovered": 15
        }
      },
      "Paschim Medinipur": {
        "notes": "",
        "active": 283,
        "confirmed": 990,
        "deceased": 13,
        "recovered": 694,
        "delta": {
          "confirmed": 24,
          "deceased": 0,
          "recovered": 45
        }
      },
      "Purba Bardhaman": {
        "notes": "",
        "active": 256,
        "confirmed": 633,
        "deceased": 4,
        "recovered": 373,
        "delta": {
          "confirmed": 45,
          "deceased": 0,
          "recovered": 59
        }
      },
      "Purba Medinipur": {
        "notes": "",
        "active": 558,
        "confirmed": 1305,
        "deceased": 11,
        "recovered": 736,
        "delta": {
          "confirmed": 37,
          "deceased": 0,
          "recovered": 26
        }
      },
      "Purulia": {
        "notes": "",
        "active": 52,
        "confirmed": 174,
        "deceased": 0,
        "recovered": 122,
        "delta": {
          "confirmed": 2,
          "deceased": 0,
          "recovered": 2
        }
      },
      "South 24 Parganas": {
        "notes": "",
        "active": 1469,
        "confirmed": 4442,
        "deceased": 73,
        "recovered": 2900,
        "delta": {
          "confirmed": 133,
          "deceased": 4,
          "recovered": 109
        }
      },
      "Uttar Dinajpur": {
        "notes": "",
        "active": 324,
        "confirmed": 863,
        "deceased": 6,
        "recovered": 533,
        "delta": {
          "confirmed": 23,
          "deceased": 1,
          "recovered": 35
        }
      }
    },
    "statecode": "WB"
  }
}